Person1,ID0001
Person2,ID0002
Person3,ID0003
Person4,ID0004
Person5,ID0005
Person6,ID0006
Person7,ID0007
Person8,ID0008
Person9,ID0009
Person10,ID0010
Person11,ID0011
Person12,ID0012
Person13,ID0013
Person14,ID0014
Person15,ID0015
Person16,ID0016
Person17,ID0017
Person18,ID0018
Person19,ID0019
Person20,ID0020
Person21,ID0021
Person22,ID0022
Person23,ID0023
Person24,ID0024
Person25,ID0025
Person26,ID0026
Person27,ID0027
Person28,ID0028
Person29,ID0029
Person30,ID0030
Person31,ID0031
Person32,ID0032
Person33,ID0033
Person34,ID0034
Person35,ID0035
Person36,ID0036
Person37,ID0037
Person38,ID0038
Person39,ID0039
Person40,ID0040
Person41,ID0041
Person42,ID0042
Person43,ID0043
Person44,ID0044
Person45,ID0045
Person46,ID0046
Person47,ID0047
Person48,ID0048
Person49,ID0049
Person50,ID0050
Person51,ID0051
Person52,ID0052
Person53,ID0053
Person54,ID0054
Person55,ID0055
Person56,ID0056
Person57,ID0057
Person58,ID0058
Person59,ID0059
Person60,ID0060
Person61,ID0061
Person62,ID0062
Person63,ID0063
Person64,ID0064
Person65,ID0065
Person66,ID0066
Person67,ID0067
Person68,ID0068
Person69,ID0069
Person70,ID0070
Person71,ID0071
Person72,ID0072
Person73,ID0073
Person74,ID0074
Person75,ID0075
Person76,ID0076
Person77,ID0077
Person78,ID0078
Person79,ID0079
Person80,ID0080
Person81,ID0081
Person82,ID0082
